<?xml version="1.0"?>
<UserData xmlns:xsi="http://www.w3.org/2001/XMLSchema-instance" xmlns:xsd="http://www.w3.org/2001/XMLSchema">
  <Users IsApproved="false" IsLockedOut="false">
    <Comment>Test</Comment>
    <CreationDate>2009-04-30T13:12:23.6008895+02:00</CreationDate>
    <Email>krause@comzept.de</Email>
    <LastActivityDate>0001-01-01T01:00:00+01:00</LastActivityDate>
    <LastLockoutDate>0001-01-01T01:00:00+01:00</LastLockoutDate>
    <LastLoginDate>0001-01-01T01:00:00+01:00</LastLoginDate>
    <LastPasswordChangedDate>0001-01-01T01:00:00+01:00</LastPasswordChangedDate>
    <UserName>JoergKrause</UserName>
    <Roles />
  </Users>
  <Users IsApproved="true" IsLockedOut="false">
    <Comment />
    <CreationDate>2009-04-30T19:06:42.3928895+02:00</CreationDate>
    <Email>nissan@comzept.de</Email>
    <LastActivityDate>0001-01-01T00:00:00</LastActivityDate>
    <LastLockoutDate>0001-01-01T00:00:00</LastLockoutDate>
    <LastLoginDate>0001-01-01T00:00:00</LastLoginDate>
    <LastPasswordChangedDate>0001-01-01T00:00:00</LastPasswordChangedDate>
    <UserName>BerndAlbrecht</UserName>
    <Password>56-5E-E9-0F-A9-60-2C-0C-16-49-1A-7A-0F-3F-6C-70-D9-17-A3-2B</Password>
    <Roles>
      <Role>User</Role>
      <Role>Contributor</Role>
    </Roles>
  </Users>
  <Users IsApproved="true" IsLockedOut="false">
    <Comment />
    <CreationDate>2009-04-30T19:39:44.1528895+02:00</CreationDate>
    <Email>joerg@krause.net</Email>
    <LastActivityDate>0001-01-01T00:00:00</LastActivityDate>
    <LastLockoutDate>0001-01-01T00:00:00</LastLockoutDate>
    <LastLoginDate>0001-01-01T00:00:00</LastLoginDate>
    <LastPasswordChangedDate>0001-01-01T00:00:00</LastPasswordChangedDate>
    <UserName>Joerg</UserName>
    <Password>4E-B8-C5-DE-4C-76-60-80-C5-91-C6-94-D5-47-5D-B8-E3-53-B0-F3</Password>
    <Roles>
      <Role>Editor</Role>
    </Roles>
  </Users>
  <Roles>Admin</Roles>
  <Roles>User</Roles>
  <Roles>Contributor</Roles>
  <Roles>Editor</Roles>
</UserData>