﻿<?xml version="1.0" encoding="utf-8"?>
<Profiles>
  <Profile UserName="User1">
    <BackColor serializedAs="ProviderSpecific" typeConverter="System.Drawing.ColorConverter, System.Drawing, Version=2.0.0.0, Culture=neutral, PublicKeyToken=b03f5f7f11d50a3a">White</BackColor>
    <User.Email serializedAs="String"></User.Email>
    <ForeColor serializedAs="ProviderSpecific" typeConverter="System.Drawing.ColorConverter, System.Drawing, Version=2.0.0.0, Culture=neutral, PublicKeyToken=b03f5f7f11d50a3a">Red</ForeColor>
  </Profile>
  <Profile UserName="User2">
    <BackColor serializedAs="ProviderSpecific" typeConverter="System.Drawing.ColorConverter, System.Drawing, Version=2.0.0.0, Culture=neutral, PublicKeyToken=b03f5f7f11d50a3a">Beige</BackColor>
    <User.Email serializedAs="String">User2@user.de</User.Email>
    <ForeColor serializedAs="ProviderSpecific" typeConverter="System.Drawing.ColorConverter, System.Drawing, Version=2.0.0.0, Culture=neutral, PublicKeyToken=b03f5f7f11d50a3a">Blue</ForeColor>
  </Profile>
</Profiles>